Athlete_ID,Age,Gender,Sport,HR,RR,Temp,Accel_X,Accel_Y,Accel_Z,Gyro_X,Gyro_Y,Gyro_Z,Steps,Session_ID,Exercise,Duration,Fatigue,Injury_Risk,PSD_HR,PSD_Accel_X,PSD_Gyro_Y,Performance_Score
A0000,24,M,Basketball,137,17,36.2,1.37,0.49,1.11,0.35,0.22,0.15,5524,S0000,Running,31,Medium,1,0.73,0.7,0.53,72
A0001,32,F,Basketball,146,10,36.3,0.29,0.25,0.7,0.55,0.63,0.94,4459,S0001,Endurance,22,Medium,1,0.62,0.44,0.52,48
A0002,28,F,Basketball,135,21,36.3,0.89,0.25,1.27,0.4,0.57,0.92,4992,S0002,Endurance,58,Low,1,0.97,0.54,0.54,56
A0003,25,M,Basketball,119,20,36.6,0.38,0.43,1.06,0.83,0.18,0.89,1203,S0003,Drills,33,Medium,0,0.8,0.66,0.25,47
A0004,24,F,Football,177,17,36.6,0.22,1.33,1.24,0.81,0.06,0.63,3775,S0004,Running,47,Medium,0,0.55,0.52,0.59,69
A0005,28,M,Swimming,119,18,36.5,0.75,0.57,0.55,0.61,0.6,0.81,3332,S0005,Running,30,Low,1,0.79,0.36,0.58,49
A0006,28,M,Cycling,170,23,36.7,0.58,1.44,1.1,0.37,0.76,0.07,2992,S0006,Running,58,Medium,0,0.75,0.65,0.34,69
A0007,21,M,Sprint,156,13,37.1,0.83,0.96,0.54,0.26,0.52,0.33,3243,S0007,Cardio,44,Low,0,0.93,0.76,0.23,62
A0008,25,M,Swimming,112,10,37.0,0.95,0.77,1.42,0.11,0.23,0.31,1306,S0008,Cardio,40,Low,0,0.77,0.63,0.27,41
A0009,20,M,Basketball,85,10,35.8,0.26,0.95,1.03,0.35,0.67,0.64,2687,S0009,Drills,29,Low,0,0.63,0.69,0.6,46
A0010,19,F,Swimming,167,12,35.2,0.36,0.87,0.62,0.41,0.08,0.36,5109,S0010,Running,34,Low,1,0.84,0.48,0.43,68
A0011,29,M,Cycling,98,24,37.0,0.93,1.19,0.55,0.68,0.44,0.15,2860,S0011,Running,38,Medium,0,0.77,0.39,0.34,45
A0012,23,F,Sprint,159,23,35.8,0.65,0.57,0.45,0.66,0.16,0.6,2961,S0012,Endurance,41,Low,0,0.62,0.62,0.32,66
A0013,19,F,Sprint,119,14,36.4,1.15,0.66,1.1,0.07,0.18,0.81,1722,S0013,Endurance,40,Low,0,0.79,0.46,0.3,52
A0014,18,M,Cycling,171,14,35.9,1.05,1.36,0.48,0.4,0.2,0.38,1779,S0014,Drills,51,High,0,0.91,0.73,0.47,61
A0015,29,M,Cycling,176,18,35.6,1.3,1.43,0.97,0.18,0.39,0.13,1528,S0015,Running,42,Medium,0,0.51,0.36,0.37,68
A0016,29,F,Basketball,138,19,36.8,1.1,1.36,0.54,0.16,0.05,0.2,5893,S0016,Drills,32,Medium,0,0.82,0.52,0.59,60
A0017,34,M,Sprint,138,23,36.9,0.76,0.75,1.06,0.83,0.4,0.24,1343,S0017,Endurance,24,Medium,0,0.67,0.5,0.47,58
A0018,27,M,Swimming,127,21,36.2,1.07,1.21,1.26,0.04,0.51,0.3,4786,S0018,Endurance,23,Medium,1,0.65,0.77,0.52,51
A0019,33,F,Football,120,11,35.2,0.56,0.82,1.21,0.42,0.48,0.64,4682,S0019,Cardio,47,Low,0,0.7,0.38,0.32,58
A0020,32,F,Football,92,11,36.2,0.6,0.85,1.19,0.17,0.38,0.6,1208,S0020,Drills,33,High,0,0.67,0.3,0.23,37
A0021,32,M,Cycling,124,15,36.7,1.23,0.47,0.44,0.88,0.84,0.7,5736,S0021,Drills,27,Low,0,0.92,0.42,0.4,61
A0022,29,F,Basketball,168,24,35.8,0.78,0.97,0.31,0.56,0.15,0.36,4406,S0022,Running,28,Medium,0,0.64,0.71,0.33,64
A0023,20,M,Football,132,18,36.6,1.24,0.44,1.11,0.23,0.51,0.82,2311,S0023,Running,54,Low,2,0.87,0.4,0.28,44
A0024,22,M,Sprint,121,10,36.5,1.27,0.63,0.68,0.5,0.06,0.2,3299,S0024,Cardio,56,Medium,0,0.55,0.42,0.58,57
A0025,24,M,Cycling,179,18,36.8,1.31,1.31,0.76,0.73,0.07,0.47,4336,S0025,Lifting,40,Medium,0,0.98,0.36,0.38,74
A0026,26,F,Swimming,142,18,36.6,1.39,0.47,0.24,0.96,0.57,0.8,2947,S0026,Lifting,37,Medium,0,0.81,0.66,0.27,59
A0027,24,F,Cycling,106,22,36.0,0.76,0.29,0.54,0.22,0.57,0.18,1919,S0027,Lifting,52,Low,2,0.85,0.33,0.28,44
A0028,21,F,Swimming,117,18,37.1,0.61,0.29,0.24,0.89,0.88,0.11,3044,S0028,Drills,27,Medium,0,0.65,0.47,0.31,56
A0029,31,F,Cycling,139,14,36.4,0.96,1.42,1.34,0.93,0.56,0.88,1418,S0029,Drills,36,High,1,0.71,0.44,0.6,53
A0030,26,F,Cycling,86,22,36.5,0.68,0.86,0.52,0.92,0.96,0.34,2749,S0030,Endurance,50,High,0,0.61,0.58,0.31,44
A0031,19,M,Cycling,84,24,36.0,0.98,0.73,0.92,0.64,0.05,0.68,3842,S0031,Drills,53,Low,2,0.97,0.67,0.33,36
A0032,32,M,Swimming,124,18,36.3,1.12,1.25,0.25,0.63,0.1,0.03,2099,S0032,Drills,25,Low,1,0.74,0.57,0.46,54
A0033,24,M,Swimming,137,20,36.1,1.09,1.29,1.07,0.4,0.04,0.69,4392,S0033,Drills,41,High,0,0.82,0.77,0.32,57
A0034,29,M,Cycling,110,13,36.4,0.69,0.63,0.62,0.75,0.19,0.32,3772,S0034,Cardio,33,Medium,0,0.87,0.78,0.29,55
A0035,25,F,Football,102,11,37.4,0.42,1.1,1.37,0.53,0.54,0.06,3480,S0035,Drills,22,Medium,0,0.69,0.48,0.26,49
A0036,32,M,Basketball,121,22,35.8,0.76,1.2,1.35,0.68,0.65,0.61,2545,S0036,Running,31,High,0,0.86,0.69,0.33,49
A0037,20,F,Basketball,89,15,35.7,0.39,1.05,0.62,0.43,0.05,0.24,2070,S0037,Running,55,High,0,0.84,0.67,0.24,40
A0038,31,M,Basketball,111,23,37.2,1.36,0.4,1.37,0.73,0.95,0.39,2850,S0038,Endurance,31,Medium,0,0.85,0.75,0.21,50
A0039,34,F,Swimming,132,13,36.4,0.65,1.34,1.5,0.82,0.84,0.08,5198,S0039,Cardio,21,Medium,0,0.74,0.52,0.52,55
A0040,21,F,Swimming,109,15,36.2,0.4,0.9,1.27,0.15,0.3,0.15,3939,S0040,Running,21,Low,0,0.69,0.57,0.26,54
A0041,25,M,Football,118,12,37.0,0.23,0.57,1.3,0.83,0.08,0.3,2903,S0041,Cardio,34,Medium,0,0.61,0.51,0.51,50
A0042,21,M,Basketball,110,15,36.2,1.04,0.75,0.52,0.54,0.17,0.09,1678,S0042,Cardio,42,Low,0,0.91,0.73,0.52,46
A0043,19,M,Basketball,161,11,37.4,1.03,0.25,0.95,0.84,0.13,0.91,1988,S0043,Endurance,48,Low,0,0.8,0.41,0.42,69
A0044,23,M,Cycling,179,11,36.8,0.64,0.37,0.29,0.43,0.12,0.01,3475,S0044,Cardio,36,Low,2,0.72,0.42,0.32,61
A0045,27,F,Swimming,81,22,36.3,0.29,1.2,0.32,0.38,0.52,0.48,2607,S0045,Drills,51,Low,0,0.97,0.49,0.26,47
A0046,21,M,Basketball,157,18,37.6,0.73,0.2,1.5,0.92,0.25,0.12,3869,S0046,Cardio,26,Medium,1,0.52,0.42,0.49,57
A0047,29,M,Football,156,16,36.2,0.6,0.74,0.62,0.25,0.36,0.31,2502,S0047,Endurance,49,Medium,0,0.93,0.58,0.44,56
A0048,19,F,Football,172,12,36.9,1.08,0.88,1.17,0.84,0.99,0.93,2789,S0048,Endurance,47,Medium,0,1.0,0.37,0.46,65
A0049,27,M,Basketball,91,22,36.6,0.99,0.27,1.25,0.48,0.68,0.16,2425,S0049,Endurance,33,Low,0,0.94,0.46,0.2,28
A0050,21,M,Swimming,118,20,37.2,0.67,1.47,1.32,0.51,0.95,0.97,3440,S0050,Running,49,High,0,0.91,0.76,0.57,56
A0051,31,M,Football,145,10,37.3,0.48,0.49,1.5,0.31,0.14,0.21,3042,S0051,Drills,36,Low,1,0.69,0.5,0.23,49
A0052,33,M,Cycling,175,17,36.5,1.48,0.6,0.51,0.57,0.38,0.74,2278,S0052,Running,51,Medium,1,0.62,0.67,0.35,58
A0053,32,M,Football,92,23,36.1,0.79,0.6,0.25,0.33,0.55,0.55,3594,S0053,Lifting,25,High,0,0.87,0.36,0.36,48
A0054,25,F,Sprint,125,15,36.7,1.09,0.5,0.73,0.04,0.08,0.88,5689,S0054,Drills,43,Medium,2,0.65,0.42,0.2,49
A0055,31,M,Sprint,106,16,36.2,0.38,0.2,0.37,0.27,0.0,0.55,3436,S0055,Cardio,25,Medium,0,0.59,0.7,0.4,46
A0056,25,M,Swimming,96,18,37.5,0.83,1.15,0.23,0.01,0.67,0.53,4803,S0056,Endurance,46,High,2,0.89,0.68,0.5,28
A0057,33,M,Basketball,174,14,36.6,0.24,1.46,0.67,0.98,0.64,0.2,3205,S0057,Lifting,37,Low,2,0.66,0.49,0.53,65
A0058,30,M,Swimming,177,24,36.3,0.86,0.49,1.22,0.97,0.41,0.17,2027,S0058,Drills,43,Medium,0,0.96,0.78,0.55,70
A0059,32,M,Swimming,139,10,36.6,1.45,1.06,0.94,0.4,0.49,0.92,4539,S0059,Running,56,Medium,0,0.92,0.76,0.4,71
A0060,30,F,Swimming,143,21,35.8,0.7,1.16,0.61,0.73,0.42,0.33,4483,S0060,Endurance,43,Low,0,0.92,0.78,0.45,58
A0061,26,M,Swimming,167,19,36.0,0.25,1.3,1.05,0.35,0.02,0.37,3241,S0061,Running,57,High,1,0.89,0.51,0.23,54
A0062,32,F,Cycling,114,16,37.1,0.24,0.75,0.5,0.67,0.34,0.76,3765,S0062,Drills,53,High,0,0.94,0.4,0.4,56
A0063,30,F,Cycling,149,24,36.2,0.7,0.59,0.22,0.81,0.18,0.34,2173,S0063,Drills,59,Medium,2,0.9,0.61,0.26,48
A0064,18,M,Football,162,14,36.0,0.41,0.62,1.19,0.95,0.1,0.95,4230,S0064,Lifting,34,Low,1,0.8,0.64,0.35,65
A0065,24,M,Sprint,109,12,36.8,0.23,1.13,1.01,0.4,0.96,0.74,4350,S0065,Cardio,30,Low,0,0.65,0.36,0.33,59
A0066,26,M,Swimming,150,21,37.1,1.18,1.26,1.19,0.78,0.6,0.6,5911,S0066,Running,41,Medium,0,0.94,0.69,0.37,68
A0067,18,M,Football,153,22,36.9,0.8,0.44,0.25,0.27,0.73,0.88,1403,S0067,Lifting,43,Low,1,0.92,0.31,0.43,54
A0068,29,F,Sprint,175,18,37.0,0.58,0.68,1.29,0.99,0.32,0.05,5988,S0068,Endurance,20,Medium,0,0.74,0.54,0.56,75
A0069,25,M,Basketball,177,10,36.1,1.37,1.37,1.01,0.03,0.39,0.26,3725,S0069,Cardio,37,Medium,1,0.52,0.47,0.36,57
A0070,28,M,Cycling,142,10,35.8,0.35,1.25,0.93,0.6,0.24,0.47,4382,S0070,Lifting,31,Medium,0,0.82,0.67,0.59,66
A0071,34,M,Sprint,107,10,37.3,1.44,1.48,1.01,0.66,0.1,0.23,5163,S0071,Running,47,Medium,0,0.53,0.46,0.5,58
A0072,25,M,Basketball,139,12,36.3,0.61,1.18,1.32,0.69,0.18,0.74,1087,S0072,Drills,59,Medium,0,0.96,0.71,0.4,56
A0073,20,M,Sprint,158,21,36.4,1.35,0.71,0.96,0.12,0.8,0.92,2158,S0073,Endurance,26,Low,1,0.98,0.6,0.46,49
A0074,20,M,Cycling,173,15,37.2,0.98,0.97,0.96,0.94,0.68,0.42,5273,S0074,Running,42,Low,0,0.59,0.7,0.24,71
A0075,18,F,Cycling,116,19,36.8,1.27,1.06,1.49,0.18,0.55,0.34,3857,S0075,Cardio,40,Medium,1,0.84,0.79,0.54,54
A0076,22,F,Football,172,20,36.7,1.48,0.3,1.18,0.62,0.48,0.96,2381,S0076,Cardio,53,Medium,0,0.55,0.64,0.43,63
A0077,27,M,Swimming,101,12,37.6,0.57,0.91,0.77,0.22,0.92,0.44,5681,S0077,Drills,30,Medium,1,0.86,0.79,0.59,52
A0078,24,M,Sprint,147,17,36.2,1.45,1.12,1.12,0.31,0.07,0.49,3064,S0078,Drills,41,Medium,0,0.67,0.31,0.45,60
A0079,26,M,Sprint,99,23,37.0,0.71,0.42,0.71,0.55,0.28,0.35,3374,S0079,Endurance,54,High,0,0.84,0.47,0.53,50
A0080,24,F,Basketball,175,23,36.5,0.7,1.21,0.5,0.42,0.35,0.91,1317,S0080,Endurance,48,Low,1,0.69,0.35,0.52,58
A0081,26,M,Cycling,179,19,36.6,0.64,0.96,0.98,0.16,0.78,0.57,2502,S0081,Drills,47,Low,0,0.57,0.43,0.34,69
A0082,25,F,Sprint,147,11,37.3,0.9,1.44,1.41,0.17,0.99,0.76,3042,S0082,Drills,37,Low,0,0.7,0.72,0.3,62
A0083,29,M,Cycling,170,23,36.8,0.4,0.26,1.41,0.42,0.24,0.81,5598,S0083,Cardio,33,Medium,0,0.56,0.32,0.37,66
A0084,19,M,Sprint,143,18,36.8,0.92,0.54,0.64,0.76,0.87,0.34,3022,S0084,Drills,37,Medium,1,0.79,0.56,0.39,55
A0085,18,M,Football,96,12,37.0,0.9,0.98,0.89,0.9,0.83,0.43,1118,S0085,Lifting,47,High,2,0.52,0.58,0.3,17
A0086,33,M,Swimming,91,14,36.3,1.19,0.59,0.48,0.08,0.22,0.85,1709,S0086,Running,43,Medium,0,0.76,0.58,0.56,37
A0087,22,F,Sprint,101,19,36.1,1.28,1.13,1.49,0.39,0.4,0.36,4557,S0087,Drills,27,High,0,0.94,0.54,0.42,52
A0088,20,F,Cycling,96,17,36.0,0.77,1.19,1.48,0.1,0.41,0.79,5140,S0088,Endurance,27,High,1,0.92,0.7,0.59,49
A0089,29,M,Football,89,11,35.5,0.59,0.33,1.04,0.02,0.98,0.94,5409,S0089,Lifting,23,Low,0,0.94,0.37,0.52,49
A0090,25,M,Sprint,144,15,37.5,0.54,0.87,1.25,0.66,0.18,0.62,4250,S0090,Endurance,46,Medium,2,0.96,0.46,0.42,44
A0091,20,F,Basketball,101,21,35.9,0.45,0.86,1.13,0.6,0.8,0.74,1417,S0091,Lifting,55,Medium,0,0.55,0.61,0.58,48
A0092,18,F,Swimming,169,14,36.4,0.27,0.68,0.97,0.16,0.33,0.81,3603,S0092,Drills,24,Low,2,0.56,0.65,0.4,52
A0093,20,F,Sprint,161,22,36.4,0.65,1.41,0.27,0.23,0.73,0.85,4854,S0093,Running,52,Medium,1,0.78,0.5,0.55,66
A0094,22,F,Football,129,19,36.7,0.55,1.28,0.79,0.02,0.42,0.4,2101,S0094,Endurance,53,Medium,1,0.95,0.74,0.34,42
A0095,32,M,Basketball,93,18,36.9,1.46,1.11,1.08,0.83,0.58,0.05,5421,S0095,Lifting,49,Low,1,0.99,0.51,0.35,39
A0096,31,F,Football,143,21,36.9,0.93,1.13,1.08,0.97,0.83,0.4,4428,S0096,Cardio,27,Medium,0,0.52,0.5,0.37,56
A0097,20,M,Football,126,14,36.2,0.65,0.8,0.69,0.14,0.8,0.67,3261,S0097,Drills,58,Medium,0,0.68,0.32,0.42,55
A0098,18,F,Basketball,108,11,36.4,0.95,1.4,1.42,0.23,0.87,0.45,5169,S0098,Running,45,Low,0,0.61,0.58,0.42,51
A0099,22,F,Football,155,14,36.6,0.38,1.1,0.42,0.87,0.06,0.75,4634,S0099,Drills,56,Medium,1,0.88,0.65,0.4,63
A0100,31,F,Basketball,115,24,36.4,0.78,1.15,0.85,0.93,0.69,0.36,1508,S0100,Cardio,53,Low,1,0.82,0.36,0.32,42
A0101,24,F,Sprint,178,21,37.3,1.01,1.32,1.1,0.42,0.14,0.63,3379,S0101,Running,26,Medium,1,0.56,0.45,0.57,57
A0102,26,F,Basketball,131,13,36.7,0.84,0.56,1.11,0.05,0.42,0.19,4164,S0102,Cardio,59,Low,0,0.74,0.69,0.44,59
A0103,32,M,Basketball,155,24,36.9,0.72,1.25,1.04,0.04,0.55,0.75,1687,S0103,Drills,47,High,0,0.84,0.48,0.36,51
A0104,32,M,Swimming,86,20,36.8,1.49,0.45,0.56,0.57,0.4,0.55,5752,S0104,Lifting,58,Medium,0,0.89,0.42,0.46,42
A0105,27,F,Basketball,108,16,37.1,1.34,0.65,0.4,0.39,0.52,0.2,2292,S0105,Drills,58,Low,1,0.51,0.64,0.51,40
A0106,30,F,Basketball,90,15,36.6,1.01,0.64,1.03,0.03,1.0,0.29,4905,S0106,Drills,47,Medium,0,0.95,0.4,0.58,44
A0107,24,M,Sprint,112,23,35.9,0.94,1.47,0.98,0.58,0.14,0.75,4075,S0107,Drills,33,Medium,0,0.78,0.75,0.4,43
A0108,34,F,Swimming,85,11,36.7,1.01,1.31,0.43,0.01,0.68,0.48,4209,S0108,Endurance,57,Medium,1,0.91,0.35,0.24,45
A0109,21,F,Cycling,158,21,36.2,0.46,1.11,1.12,0.79,0.4,0.22,1324,S0109,Cardio,23,Medium,0,0.9,0.65,0.38,68
A0110,22,M,Sprint,111,20,36.2,0.71,1.15,0.79,0.31,0.13,0.97,2993,S0110,Cardio,37,Medium,0,0.59,0.55,0.39,60
A0111,24,F,Sprint,130,20,36.8,0.25,0.93,1.07,0.04,0.16,0.72,4976,S0111,Cardio,44,Low,0,0.56,0.73,0.56,64
A0112,30,F,Cycling,154,22,37.1,0.82,1.43,1.29,0.59,0.95,0.96,5812,S0112,Endurance,26,Low,1,0.86,0.36,0.36,60
A0113,32,M,Basketball,137,14,36.5,0.91,0.85,0.42,0.4,0.88,0.43,3770,S0113,Lifting,57,Medium,0,0.58,0.64,0.58,56
A0114,28,M,Football,166,16,36.7,0.5,0.69,0.22,0.97,0.91,0.48,5372,S0114,Drills,47,Medium,1,0.92,0.59,0.39,63
A0115,21,M,Swimming,105,20,37.4,1.45,0.41,1.21,0.54,0.99,0.9,3583,S0115,Lifting,24,Low,0,0.86,0.54,0.59,58
A0116,30,F,Football,177,16,36.6,1.38,1.22,0.99,0.28,0.21,0.53,4557,S0116,Endurance,22,High,1,0.92,0.55,0.2,66
A0117,24,M,Cycling,125,24,37.8,1.14,1.15,1.11,0.71,0.36,0.71,4587,S0117,Cardio,50,Low,0,0.65,0.66,0.56,63
A0118,19,M,Sprint,177,14,36.8,0.89,0.7,1.29,0.27,0.67,0.25,1151,S0118,Drills,39,Medium,0,0.66,0.77,0.57,71
A0119,27,M,Sprint,108,21,35.6,1.33,0.23,1.24,0.9,0.48,0.45,1954,S0119,Running,38,Low,1,0.84,0.35,0.58,42
A0120,30,M,Swimming,83,24,36.9,0.37,1.29,1.45,0.37,0.42,0.12,5354,S0120,Running,30,Low,1,0.52,0.31,0.21,33
A0121,23,M,Sprint,160,18,36.7,1.23,0.21,0.9,0.55,0.36,0.21,3371,S0121,Lifting,59,High,0,0.86,0.7,0.27,64
A0122,29,M,Sprint,178,13,37.1,0.36,1.11,0.84,0.05,0.59,0.0,5964,S0122,Cardio,22,Low,1,0.92,0.35,0.46,71
A0123,29,F,Swimming,92,20,36.8,1.23,1.46,0.72,0.43,0.58,0.04,2191,S0123,Running,42,Medium,0,0.71,0.79,0.21,48
A0124,28,F,Swimming,118,12,36.4,0.56,0.77,0.4,0.83,0.16,0.98,1687,S0124,Lifting,26,Low,2,0.88,0.61,0.23,38
A0125,24,M,Cycling,94,24,35.9,1.34,0.51,0.94,0.81,0.47,0.24,1309,S0125,Endurance,42,Medium,1,0.59,0.63,0.29,29
A0126,18,M,Sprint,108,13,36.4,1.43,1.12,0.56,0.22,0.55,0.66,2502,S0126,Lifting,26,High,0,0.66,0.4,0.4,52
A0127,18,M,Sprint,108,14,36.1,0.39,1.26,1.4,0.23,0.57,0.84,4127,S0127,Lifting,53,Low,1,0.99,0.42,0.42,44
A0128,30,F,Cycling,154,22,36.2,0.8,0.91,0.96,0.82,0.21,0.55,5568,S0128,Lifting,38,High,0,0.99,0.63,0.21,54
A0129,26,F,Basketball,111,15,36.8,1.48,1.46,0.97,0.93,0.74,0.15,4367,S0129,Drills,28,Medium,0,0.76,0.75,0.27,53
A0130,20,F,Basketball,81,12,37.3,0.83,0.27,0.66,0.1,0.03,0.73,4395,S0130,Lifting,37,Medium,2,0.97,0.79,0.4,35
A0131,24,F,Basketball,126,11,36.7,1.32,0.86,0.27,0.45,0.35,0.6,1813,S0131,Lifting,44,Medium,1,0.76,0.4,0.44,42
A0132,23,F,Cycling,157,23,35.9,0.97,1.13,0.24,0.34,0.78,0.73,1845,S0132,Drills,33,High,0,0.65,0.37,0.26,59
A0133,25,F,Sprint,163,22,36.7,0.69,1.32,0.75,0.87,0.56,0.77,2164,S0133,Drills,44,Low,0,0.63,0.33,0.36,66
A0134,26,F,Cycling,101,13,37.1,0.57,0.43,0.31,0.08,0.26,0.98,5762,S0134,Endurance,38,Low,0,0.96,0.73,0.56,53
A0135,22,F,Cycling,154,14,36.2,0.46,1.24,0.99,0.21,0.69,0.57,2767,S0135,Cardio,58,High,2,0.59,0.45,0.6,43
A0136,18,F,Basketball,106,13,36.4,1.19,0.92,1.35,0.75,0.57,0.34,1354,S0136,Running,34,Medium,0,0.79,0.3,0.59,50
A0137,27,M,Football,146,23,36.5,0.7,0.72,1.35,0.05,0.8,0.65,2872,S0137,Running,35,Low,0,0.78,0.41,0.55,68
A0138,29,M,Sprint,160,20,36.1,0.86,0.37,1.06,0.49,0.74,0.07,3024,S0138,Lifting,46,Medium,0,0.87,0.47,0.36,61
A0139,32,M,Basketball,135,22,36.8,0.84,1.32,0.47,0.44,0.61,0.9,3817,S0139,Endurance,59,Medium,0,0.75,0.8,0.47,48
A0140,26,M,Football,171,24,36.4,0.95,0.4,1.32,0.33,0.49,0.12,4832,S0140,Lifting,29,Medium,0,0.64,0.56,0.37,74
A0141,34,F,Football,172,21,36.7,1.33,0.6,1.35,0.39,0.13,0.33,5275,S0141,Running,23,Low,0,0.58,0.4,0.46,68
A0142,34,F,Swimming,100,12,36.1,1.47,0.58,0.46,0.53,0.26,0.82,1065,S0142,Drills,38,Medium,0,0.81,0.47,0.32,44
A0143,29,M,Sprint,126,17,36.3,0.73,1.33,1.16,0.16,0.42,0.6,5915,S0143,Cardio,47,Low,0,0.86,0.47,0.44,70
A0144,24,F,Football,159,19,36.9,1.28,1.07,0.57,0.57,0.6,0.39,5266,S0144,Endurance,40,Medium,2,0.78,0.31,0.41,50
A0145,19,M,Basketball,138,13,36.3,1.19,1.24,1.24,0.81,0.51,0.47,5090,S0145,Drills,33,High,0,0.87,0.37,0.21,57
A0146,20,F,Swimming,163,23,37.4,0.95,0.53,1.5,0.76,0.29,0.85,3521,S0146,Cardio,52,Medium,1,0.57,0.65,0.52,59
A0147,34,M,Sprint,85,11,36.3,1.44,1.01,0.24,0.15,0.01,0.34,3581,S0147,Endurance,29,Low,1,0.94,0.36,0.2,44
A0148,22,F,Cycling,98,11,36.6,0.46,0.94,1.37,0.15,0.5,0.87,2390,S0148,Endurance,38,Low,1,0.79,0.42,0.32,56
A0149,34,F,Basketball,136,10,37.0,0.34,1.28,1.01,0.27,0.29,0.09,2130,S0149,Running,49,Medium,1,0.56,0.48,0.2,51
A0150,34,M,Football,148,22,35.8,1.31,1.38,1.47,0.36,0.73,0.78,3486,S0150,Drills,41,Medium,0,0.73,0.68,0.35,53
A0151,34,F,Football,82,13,35.6,0.77,0.22,0.8,0.41,0.02,0.85,1834,S0151,Endurance,22,Low,0,0.92,0.59,0.23,36
A0152,19,M,Basketball,80,19,35.7,1.3,1.08,1.3,0.68,0.58,0.18,1226,S0152,Endurance,56,Medium,0,0.95,0.64,0.57,32
A0153,19,M,Football,137,18,37.1,1.36,0.27,0.28,0.06,0.94,0.43,4515,S0153,Cardio,37,Low,0,0.63,0.58,0.37,63
A0154,22,M,Swimming,117,23,36.2,0.28,0.91,0.64,0.03,0.17,0.17,5537,S0154,Running,30,Low,1,0.86,0.64,0.38,53
A0155,18,M,Sprint,94,20,37.8,1.35,0.57,0.29,0.39,0.47,0.71,3443,S0155,Lifting,21,Low,1,0.55,0.3,0.34,34
A0156,18,F,Swimming,113,16,36.2,0.78,0.6,1.47,0.7,0.09,0.54,1727,S0156,Running,31,Low,1,0.52,0.77,0.45,38
A0157,19,F,Football,140,24,36.6,0.86,0.66,1.26,0.19,0.63,0.64,4686,S0157,Lifting,25,Low,0,0.78,0.36,0.51,59
A0158,29,F,Cycling,114,21,37.3,1.01,1.01,1.31,0.64,0.55,0.2,4622,S0158,Drills,59,Medium,2,0.85,0.5,0.46,42
A0159,23,M,Sprint,143,19,37.5,1.4,0.63,1.42,0.26,0.41,0.21,2036,S0159,Drills,48,High,0,0.9,0.69,0.5,56
A0160,21,F,Sprint,104,16,37.5,0.22,1.15,0.31,0.89,0.52,0.04,2832,S0160,Endurance,49,Medium,0,0.67,0.52,0.56,47
A0161,28,M,Basketball,103,22,37.1,0.82,0.73,0.7,0.9,0.9,0.32,3740,S0161,Drills,21,Low,0,0.5,0.77,0.55,54
A0162,34,F,Basketball,91,24,37.0,1.09,0.29,0.29,0.3,0.2,0.56,1492,S0162,Endurance,28,Low,1,0.74,0.53,0.47,33
A0163,23,F,Cycling,97,16,36.8,1.14,1.22,0.47,0.23,0.02,0.86,2548,S0163,Running,21,Low,0,0.51,0.74,0.29,41
A0164,22,F,Sprint,94,24,36.9,1.1,0.57,0.5,0.41,0.86,0.67,2143,S0164,Drills,48,Low,2,0.55,0.71,0.46,25
A0165,19,M,Cycling,159,17,36.2,0.37,0.76,0.81,0.24,0.58,0.44,4957,S0165,Running,52,Medium,2,0.66,0.79,0.4,56
A0166,23,F,Basketball,106,10,36.1,0.59,1.09,0.55,0.67,0.89,0.95,4407,S0166,Running,29,Medium,1,0.72,0.76,0.49,46
A0167,28,F,Basketball,151,19,36.5,0.67,0.63,0.33,0.83,0.6,0.72,1639,S0167,Drills,53,Low,0,0.64,0.75,0.53,49
A0168,33,M,Sprint,139,22,36.4,1.25,0.27,0.42,0.67,0.81,0.93,1172,S0168,Running,27,Low,1,0.79,0.67,0.5,47
A0169,33,F,Swimming,125,19,36.3,0.56,0.69,0.39,0.82,0.43,0.53,5354,S0169,Drills,56,Low,1,0.53,0.48,0.54,59
A0170,18,M,Football,168,17,36.8,0.47,1.43,1.46,0.4,0.75,0.26,4959,S0170,Drills,52,Low,0,0.57,0.35,0.23,73
A0171,26,F,Basketball,96,13,37.0,1.44,1.03,1.19,0.16,0.91,0.05,1516,S0171,Drills,25,Medium,0,0.85,0.64,0.21,43
A0172,23,M,Basketball,172,13,36.5,0.21,1.07,1.46,0.74,0.57,0.73,1522,S0172,Lifting,59,Low,0,0.57,0.79,0.3,67
A0173,33,M,Swimming,132,13,37.2,1.5,1.02,0.77,0.36,0.18,0.12,2917,S0173,Running,38,Medium,0,0.82,0.66,0.56,52
A0174,20,F,Swimming,87,15,35.9,1.08,0.46,0.56,0.67,0.27,0.3,3886,S0174,Cardio,51,Medium,0,0.53,0.76,0.53,40
A0175,21,M,Cycling,158,16,36.4,1.28,0.74,1.24,0.27,0.2,0.53,3164,S0175,Drills,46,High,2,0.7,0.7,0.47,60
A0176,20,M,Cycling,106,15,36.1,0.58,1.18,0.62,0.08,0.25,0.56,2929,S0176,Running,20,High,0,0.59,0.38,0.48,51
A0177,24,M,Football,125,10,35.6,0.22,0.33,0.59,0.99,0.31,0.6,4945,S0177,Endurance,52,Medium,0,0.55,0.42,0.49,53
A0178,26,M,Football,129,21,36.5,1.16,0.56,0.5,0.16,0.56,0.17,3209,S0178,Drills,59,Low,2,0.78,0.47,0.58,35
A0179,18,M,Sprint,150,17,36.4,1.28,0.56,0.37,0.99,0.59,0.38,4783,S0179,Drills,51,Medium,0,0.96,0.38,0.53,60
A0180,25,M,Cycling,82,22,37.3,1.16,0.76,0.53,0.98,0.43,0.62,3590,S0180,Cardio,24,Medium,1,0.53,0.59,0.45,39
A0181,24,F,Basketball,172,19,36.8,0.39,1.47,0.66,0.79,0.62,0.97,5934,S0181,Lifting,36,Low,0,0.71,0.79,0.47,70
A0182,25,M,Cycling,143,24,36.0,1.18,0.29,1.08,0.66,0.08,0.73,5076,S0182,Lifting,27,Medium,0,0.85,0.68,0.29,64
A0183,18,M,Basketball,123,20,37.4,1.2,0.87,0.28,0.58,0.09,0.92,2093,S0183,Drills,53,High,0,0.73,0.51,0.46,58
A0184,28,F,Swimming,132,22,37.1,1.06,0.43,0.47,0.87,0.17,0.76,4880,S0184,Running,28,Medium,0,0.9,0.3,0.37,58
A0185,27,F,Cycling,103,16,36.8,1.2,1.46,1.25,0.29,0.52,0.59,3494,S0185,Endurance,42,Low,0,0.59,0.46,0.26,49
A0186,20,F,Swimming,139,15,36.4,1.3,0.35,0.39,0.47,0.21,0.19,3579,S0186,Endurance,54,Low,1,0.98,0.56,0.52,57
A0187,24,F,Football,82,15,36.0,1.0,0.72,0.65,0.62,0.28,0.67,3488,S0187,Running,26,Medium,0,0.69,0.46,0.4,36
A0188,33,F,Football,99,14,36.3,0.32,1.16,1.32,0.41,0.4,0.62,3785,S0188,Drills,34,Low,1,0.67,0.36,0.59,38
A0189,33,F,Sprint,125,15,37.0,0.83,1.12,0.4,0.43,0.81,0.6,3758,S0189,Endurance,39,Medium,0,0.94,0.52,0.31,58
A0190,34,F,Cycling,94,21,37.4,0.3,0.75,0.31,0.33,0.01,0.49,2574,S0190,Lifting,44,Medium,0,0.78,0.43,0.39,43
A0191,19,M,Swimming,104,18,37.3,0.73,0.65,0.83,0.56,0.65,0.53,3373,S0191,Running,22,Low,1,0.76,0.75,0.38,43
A0192,18,M,Basketball,173,19,36.3,0.73,0.72,0.59,0.85,0.67,0.33,4990,S0192,Cardio,43,High,0,0.86,0.35,0.25,72
A0193,33,F,Football,157,18,35.9,0.29,0.54,0.93,0.2,0.8,0.52,5845,S0193,Drills,53,Medium,1,0.79,0.32,0.37,68
A0194,29,M,Football,150,24,36.6,0.65,0.47,1.24,0.93,0.93,0.2,2093,S0194,Running,41,Low,2,0.58,0.3,0.32,51
A0195,22,M,Basketball,96,19,35.6,0.34,0.83,0.38,0.69,0.02,0.81,2189,S0195,Endurance,30,Medium,1,0.84,0.46,0.26,40
A0196,22,M,Swimming,163,17,36.7,1.25,0.55,0.95,0.82,0.15,0.19,3689,S0196,Drills,27,Medium,0,0.57,0.63,0.31,72
A0197,26,F,Swimming,179,19,36.4,1.43,0.57,0.86,0.56,0.89,0.08,5095,S0197,Lifting,58,Medium,0,0.9,0.67,0.29,81
A0198,26,F,Cycling,88,18,36.3,0.29,1.05,0.39,0.78,0.46,0.44,2875,S0198,Drills,54,High,1,0.99,0.53,0.49,48
A0199,20,M,Cycling,117,22,35.7,1.44,1.46,1.01,0.02,0.56,0.66,4406,S0199,Drills,57,Medium,1,0.69,0.64,0.21,46
A0200,33,F,Sprint,127,19,36.8,0.88,0.98,0.56,0.82,0.66,0.44,2787,S0200,Lifting,27,High,0,0.72,0.48,0.45,66
A0201,33,M,Football,139,17,36.2,0.59,0.3,0.83,0.04,0.68,0.28,4932,S0201,Lifting,56,Medium,0,0.52,0.63,0.5,56
A0202,20,M,Cycling,142,17,35.9,0.3,0.3,0.31,0.89,0.93,0.56,2607,S0202,Drills,46,Medium,0,0.51,0.32,0.39,67
A0203,18,M,Swimming,165,10,35.1,0.85,1.44,0.8,0.99,1.0,0.35,4748,S0203,Lifting,47,High,0,0.96,0.5,0.57,65
A0204,28,M,Basketball,81,19,36.5,1.23,0.59,0.6,0.29,0.72,0.93,1048,S0204,Running,59,Medium,0,0.56,0.7,0.48,36
A0205,34,F,Swimming,167,20,37.4,1.12,0.32,1.27,0.21,0.29,0.92,4861,S0205,Lifting,53,Low,0,0.72,0.7,0.5,69
A0206,25,F,Football,151,14,37.3,0.27,0.98,0.27,0.77,0.88,0.5,3180,S0206,Lifting,51,Medium,1,0.91,0.66,0.28,52
A0207,21,F,Swimming,90,13,36.3,0.29,1.01,0.74,0.25,0.05,0.33,4046,S0207,Drills,34,Medium,2,0.94,0.4,0.51,35
A0208,23,M,Sprint,143,11,36.2,0.72,1.04,0.8,0.87,0.23,0.74,3833,S0208,Running,36,Low,1,0.76,0.42,0.53,51
A0209,25,F,Football,156,17,36.7,0.58,0.55,1.14,0.1,0.9,0.04,2397,S0209,Cardio,52,High,0,0.78,0.8,0.34,55
A0210,20,M,Basketball,160,12,36.0,0.5,0.22,0.95,0.13,0.26,0.47,4826,S0210,Cardio,35,Low,0,0.83,0.35,0.29,67
A0211,33,F,Sprint,151,13,36.7,0.57,1.45,1.07,0.98,0.22,0.34,5574,S0211,Endurance,48,Low,2,0.98,0.39,0.35,64
A0212,20,M,Football,100,21,36.9,1.24,0.53,1.21,0.67,0.14,0.92,1831,S0212,Lifting,28,High,2,0.8,0.37,0.5,32
A0213,31,M,Basketball,97,16,37.1,1.41,1.08,1.32,0.85,0.86,0.01,3697,S0213,Lifting,52,Medium,2,0.78,0.46,0.37,41
A0214,19,M,Sprint,173,19,36.4,0.73,1.12,0.61,0.32,0.5,0.55,5777,S0214,Running,48,Low,1,0.51,0.41,0.49,64
A0215,20,F,Sprint,143,18,36.4,1.38,0.99,0.9,0.68,0.67,0.74,3735,S0215,Cardio,32,Medium,0,0.54,0.55,0.25,53
A0216,33,F,Football,161,11,36.1,0.62,0.61,1.29,0.59,0.24,0.49,1081,S0216,Endurance,40,Medium,1,0.79,0.54,0.52,57
A0217,26,F,Cycling,174,12,36.1,0.82,0.55,1.49,0.6,0.76,0.09,1086,S0217,Running,40,Low,0,0.97,0.75,0.3,73
A0218,21,F,Sprint,117,13,36.4,0.49,0.98,1.36,0.68,0.76,0.97,3063,S0218,Lifting,24,High,0,0.93,0.32,0.3,52
A0219,18,M,Sprint,111,19,36.7,1.03,1.33,0.68,0.58,0.31,0.52,1821,S0219,Cardio,29,Medium,1,0.99,0.46,0.44,46
A0220,21,F,Basketball,90,10,37.0,1.47,1.43,0.45,0.43,0.41,0.61,1162,S0220,Endurance,25,Medium,0,0.76,0.6,0.23,46
A0221,18,F,Swimming,124,16,36.1,0.98,0.34,0.84,0.28,0.21,0.24,4739,S0221,Drills,32,Medium,0,0.89,0.6,0.21,56
A0222,31,M,Football,168,11,37.2,0.67,0.4,1.16,0.77,0.98,0.48,3397,S0222,Cardio,20,Medium,0,0.92,0.54,0.3,66
A0223,33,M,Football,112,14,36.4,1.04,1.43,0.84,0.23,0.65,0.43,2932,S0223,Endurance,39,Low,0,0.82,0.71,0.42,51
A0224,25,M,Cycling,120,24,36.5,0.36,1.16,0.83,0.69,0.93,0.07,3728,S0224,Running,27,Low,1,0.67,0.33,0.56,51
A0225,24,F,Cycling,87,10,36.1,1.36,1.35,1.29,0.23,0.3,0.11,4535,S0225,Drills,29,Medium,0,0.73,0.71,0.54,38
A0226,20,M,Football,90,12,35.3,0.85,0.46,0.67,0.63,0.78,0.84,4446,S0226,Endurance,28,High,0,0.93,0.55,0.4,47
A0227,34,M,Cycling,165,21,36.9,0.78,0.96,1.32,0.75,0.77,0.24,3790,S0227,Endurance,22,Low,0,0.65,0.37,0.21,67
A0228,18,M,Basketball,130,11,36.9,0.96,1.11,0.73,0.22,0.69,0.19,3707,S0228,Lifting,30,Medium,0,0.96,0.74,0.41,52
A0229,33,F,Football,167,10,36.4,1.01,1.08,0.63,0.06,0.97,0.5,4933,S0229,Cardio,31,High,0,0.61,0.62,0.48,69
A0230,29,M,Cycling,120,16,36.5,0.29,0.73,0.79,0.13,0.39,0.77,4385,S0230,Lifting,29,Low,1,0.87,0.38,0.34,43
A0231,31,F,Football,96,14,36.8,1.09,0.22,1.19,0.61,0.13,0.06,1922,S0231,Drills,44,Low,0,0.82,0.32,0.24,35
A0232,23,F,Swimming,155,10,35.7,0.51,0.96,0.36,0.85,0.67,0.58,3175,S0232,Endurance,44,Low,1,0.87,0.37,0.31,58
A0233,23,M,Sprint,125,15,36.2,1.13,0.53,0.46,0.04,0.73,0.12,2582,S0233,Lifting,30,Medium,2,0.72,0.6,0.51,47
A0234,30,M,Football,111,14,36.9,1.27,0.79,1.44,0.73,0.58,0.04,1564,S0234,Cardio,55,Low,1,0.97,0.39,0.34,39
A0235,25,F,Sprint,158,24,35.9,1.25,1.44,0.43,0.34,0.21,0.05,4258,S0235,Drills,58,Medium,0,0.82,0.41,0.52,61
A0236,19,M,Cycling,159,12,36.6,0.92,0.72,0.94,0.48,0.5,0.83,3597,S0236,Running,45,Medium,0,0.64,0.31,0.33,60
A0237,18,M,Sprint,133,21,35.8,0.88,1.29,0.95,0.93,0.31,0.12,3500,S0237,Lifting,33,Medium,1,0.82,0.66,0.27,54
A0238,32,F,Football,165,16,36.7,0.39,0.45,0.84,0.33,0.43,0.05,5566,S0238,Drills,58,Low,0,0.64,0.71,0.37,78
A0239,18,F,Swimming,171,20,36.5,1.21,1.07,1.04,0.47,0.65,0.44,1987,S0239,Running,59,Medium,1,0.65,0.7,0.38,64
A0240,22,M,Cycling,99,19,35.7,0.55,1.47,0.5,0.01,0.75,0.84,4636,S0240,Lifting,20,Medium,1,0.7,0.36,0.21,50
A0241,33,F,Football,112,18,37.1,0.85,0.33,0.92,0.08,0.23,0.26,1223,S0241,Drills,23,High,2,0.93,0.75,0.25,30
A0242,21,M,Cycling,153,23,36.1,0.57,0.21,0.68,0.26,0.41,0.42,1350,S0242,Drills,49,High,2,0.75,0.64,0.27,48
A0243,20,M,Basketball,119,22,36.1,0.37,0.76,1.06,0.03,0.27,0.04,2928,S0243,Lifting,31,Medium,0,0.84,0.75,0.25,56
A0244,34,M,Sprint,111,22,36.6,1.02,0.32,0.38,0.63,0.2,0.45,1348,S0244,Drills,54,Medium,0,0.7,0.52,0.34,39
A0245,34,F,Basketball,176,18,37.1,0.27,1.17,0.94,0.43,0.78,0.58,5277,S0245,Endurance,32,Low,2,0.63,0.52,0.59,60
A0246,29,M,Football,81,23,36.0,1.17,1.39,0.44,0.55,0.91,0.57,5732,S0246,Lifting,50,Low,0,0.98,0.69,0.4,50
A0247,31,M,Swimming,176,18,36.5,0.61,0.76,0.56,0.17,0.37,0.33,2017,S0247,Drills,57,Low,0,0.8,0.35,0.45,68
A0248,23,M,Cycling,112,11,36.7,0.2,0.54,0.48,0.3,0.75,0.32,3226,S0248,Running,42,Medium,1,0.97,0.56,0.34,40
A0249,20,F,Sprint,156,12,36.8,0.86,0.76,0.44,0.66,0.9,0.11,5867,S0249,Running,23,Low,0,0.6,0.72,0.33,60
A0250,26,F,Cycling,109,16,36.6,0.26,1.14,1.27,0.97,0.85,0.37,5124,S0250,Endurance,35,Low,1,0.57,0.72,0.21,54
A0251,22,F,Football,112,14,36.3,0.56,0.21,0.57,0.05,0.18,0.1,3419,S0251,Lifting,26,High,1,0.93,0.78,0.4,35
A0252,34,F,Cycling,156,11,36.1,1.12,0.97,1.41,0.89,0.96,0.77,2893,S0252,Drills,41,Low,0,0.84,0.65,0.39,65
A0253,31,F,Sprint,105,12,36.5,0.28,1.0,1.46,0.58,0.38,0.97,4040,S0253,Drills,48,Low,2,0.59,0.4,0.26,36
A0254,20,M,Football,101,19,36.0,1.29,1.03,0.94,0.56,0.34,0.97,3068,S0254,Running,30,Low,1,0.63,0.31,0.51,46
A0255,18,F,Cycling,145,15,35.0,0.2,0.51,0.39,0.5,0.06,0.87,2125,S0255,Endurance,52,Medium,1,0.9,0.54,0.4,47
A0256,18,F,Swimming,117,22,36.7,0.52,1.13,0.69,0.07,0.49,0.6,4117,S0256,Running,48,Medium,0,0.73,0.56,0.34,66
A0257,20,F,Football,169,16,37.0,1.16,0.32,1.24,0.09,0.11,0.7,5161,S0257,Running,58,Low,0,0.84,0.42,0.26,73
A0258,27,M,Football,125,18,35.3,0.61,0.46,0.68,0.6,0.25,0.29,5042,S0258,Endurance,31,Medium,1,0.66,0.36,0.42,55
A0259,20,F,Swimming,94,10,36.0,0.33,1.34,0.31,0.34,0.32,0.63,5433,S0259,Lifting,26,Medium,0,0.69,0.59,0.5,45
A0260,25,F,Basketball,177,20,36.8,0.67,1.16,0.92,0.92,0.81,0.46,3170,S0260,Drills,58,High,0,1.0,0.68,0.31,68
A0261,31,M,Sprint,123,16,37.5,0.55,0.22,1.3,0.41,0.88,0.48,1446,S0261,Lifting,45,High,1,0.62,0.8,0.29,44
A0262,32,F,Basketball,128,17,36.5,1.3,0.52,1.23,0.14,0.3,0.76,3658,S0262,Cardio,59,High,0,0.75,0.68,0.41,64
A0263,19,M,Cycling,154,21,36.1,0.61,0.48,0.43,0.71,0.86,0.28,4362,S0263,Cardio,28,Medium,0,0.92,0.7,0.26,66
A0264,27,M,Swimming,140,23,36.4,1.23,0.55,1.07,0.29,0.86,0.32,3718,S0264,Cardio,53,Low,0,0.62,0.61,0.47,62
A0265,19,M,Basketball,146,12,37.2,1.36,0.52,0.49,0.53,0.76,0.92,4483,S0265,Endurance,32,Low,0,0.71,0.79,0.44,65
A0266,34,M,Football,85,13,36.2,0.76,0.28,0.48,0.7,0.15,0.06,3944,S0266,Running,55,Low,1,0.81,0.62,0.23,41
A0267,25,M,Cycling,88,19,36.1,1.38,0.8,1.34,0.9,0.69,0.49,5376,S0267,Lifting,44,Medium,0,0.74,0.73,0.21,40
A0268,18,F,Cycling,85,15,36.3,0.69,1.15,0.52,0.79,0.95,0.91,1595,S0268,Drills,43,High,0,0.73,0.77,0.45,48
A0269,26,M,Basketball,152,19,36.0,1.45,0.99,0.54,0.68,0.68,0.61,2986,S0269,Cardio,36,Medium,1,0.68,0.76,0.32,52
A0270,28,M,Basketball,174,16,36.6,0.32,1.07,0.2,0.68,0.33,0.55,3750,S0270,Lifting,21,Low,2,0.79,0.49,0.23,59
A0271,33,F,Swimming,111,22,37.3,1.09,0.31,1.33,0.95,0.5,0.25,2074,S0271,Cardio,32,Medium,1,0.81,0.34,0.5,50
A0272,24,M,Sprint,120,23,36.7,0.84,1.44,1.23,0.3,0.65,0.34,4969,S0272,Cardio,50,High,0,0.83,0.39,0.33,65
A0273,27,F,Basketball,155,13,36.4,0.7,1.29,1.02,0.0,0.51,0.85,5305,S0273,Drills,48,Medium,0,0.54,0.33,0.38,71
A0274,20,F,Basketball,87,17,36.4,1.02,1.25,1.18,0.27,0.12,0.56,5221,S0274,Endurance,47,High,1,0.82,0.35,0.29,39
A0275,30,F,Football,151,14,35.7,1.12,1.27,0.4,0.22,0.31,0.51,5587,S0275,Running,46,High,0,0.98,0.39,0.45,67
A0276,24,M,Cycling,129,10,36.9,0.21,1.41,0.8,0.66,0.8,0.1,4580,S0276,Endurance,34,High,1,0.77,0.47,0.32,53
A0277,21,M,Sprint,171,13,36.5,0.42,0.91,0.66,0.63,0.86,0.02,4007,S0277,Lifting,50,Medium,0,0.86,0.57,0.59,70
A0278,30,M,Football,141,12,36.4,1.13,0.46,0.32,0.59,0.14,0.96,1969,S0278,Endurance,59,Medium,0,0.78,0.66,0.48,50
A0279,18,F,Swimming,163,18,38.1,1.07,1.0,0.83,0.02,0.95,0.38,1580,S0279,Lifting,34,Low,1,0.93,0.41,0.25,63
A0280,25,M,Swimming,141,17,36.6,1.46,1.17,1.4,0.73,0.33,0.6,3824,S0280,Lifting,52,Low,1,0.96,0.64,0.37,55
A0281,31,M,Basketball,86,10,36.1,1.19,1.16,0.25,0.32,0.66,0.08,5001,S0281,Running,39,Medium,1,0.59,0.65,0.35,37
A0282,33,M,Basketball,154,20,36.3,1.44,0.88,0.58,0.67,0.75,0.68,2211,S0282,Drills,31,Low,0,0.72,0.58,0.41,58
A0283,31,F,Swimming,163,15,37.1,1.11,0.29,0.47,0.56,0.81,0.93,1229,S0283,Running,56,High,0,0.7,0.75,0.54,62
A0284,29,F,Basketball,159,18,36.6,0.59,0.68,0.51,0.34,0.95,0.58,5284,S0284,Endurance,28,Low,0,0.7,0.36,0.43,61
A0285,32,M,Sprint,83,16,35.8,0.34,1.4,1.38,0.13,0.31,0.13,4185,S0285,Lifting,42,High,0,0.56,0.39,0.22,47
A0286,19,M,Basketball,85,13,37.0,1.22,0.96,0.81,0.09,0.86,0.58,1501,S0286,Cardio,27,Low,0,0.91,0.51,0.46,39
A0287,19,M,Cycling,137,22,36.2,1.04,0.9,0.81,0.83,0.13,0.77,3132,S0287,Cardio,51,Low,0,0.52,0.36,0.2,65
A0288,34,M,Basketball,101,10,37.4,0.26,0.55,1.19,0.92,0.71,0.41,1048,S0288,Lifting,33,High,0,0.76,0.58,0.51,42
A0289,27,F,Football,105,21,37.0,0.67,0.68,0.4,0.65,0.74,0.88,4566,S0289,Running,46,Low,2,0.83,0.5,0.47,35
A0290,23,F,Sprint,82,11,36.3,1.44,1.36,0.83,0.1,0.68,0.65,4055,S0290,Drills,44,Low,1,0.6,0.44,0.32,31
A0291,32,F,Football,120,21,37.1,0.85,1.07,0.76,0.4,0.25,0.9,1688,S0291,Running,32,Low,2,0.95,0.38,0.32,37
A0292,28,F,Football,139,14,36.5,0.76,1.22,0.98,0.73,0.87,0.62,1386,S0292,Lifting,40,Medium,0,0.92,0.47,0.52,53
A0293,22,M,Cycling,93,21,36.9,0.8,0.79,1.5,0.78,0.17,0.13,1969,S0293,Lifting,50,Low,2,0.74,0.6,0.51,29
A0294,18,M,Sprint,154,20,36.7,0.47,1.02,1.2,0.12,0.05,0.31,4460,S0294,Drills,56,Medium,0,0.71,0.59,0.34,65
A0295,25,M,Sprint,161,14,36.1,0.68,0.52,0.72,0.0,0.72,0.2,2005,S0295,Endurance,24,Medium,0,0.62,0.38,0.32,59
A0296,29,F,Sprint,91,17,36.2,0.68,1.12,1.28,0.71,0.48,0.91,4052,S0296,Endurance,32,Medium,1,0.86,0.36,0.42,41
A0297,29,M,Sprint,166,15,37.0,0.27,0.76,0.42,0.36,0.85,0.76,4417,S0297,Drills,47,Medium,0,0.57,0.31,0.2,66
A0298,22,F,Sprint,91,17,36.3,1.2,0.78,0.24,0.25,0.38,0.68,3302,S0298,Endurance,44,Medium,0,0.84,0.31,0.23,47
A0299,24,F,Cycling,92,11,36.3,0.74,1.04,0.47,0.01,0.17,0.3,3283,S0299,Cardio,54,Low,0,0.92,0.74,0.25,42
A0300,21,M,Basketball,104,12,36.0,1.27,1.42,0.64,0.54,0.84,0.18,2607,S0300,Endurance,58,High,0,0.61,0.32,0.27,52
A0301,23,M,Football,124,15,36.7,1.31,0.28,0.86,0.85,0.55,0.76,5366,S0301,Endurance,26,Low,1,0.93,0.67,0.4,56
A0302,30,M,Sprint,98,21,37.5,0.48,1.27,1.0,0.96,0.19,0.47,1122,S0302,Endurance,57,Medium,1,0.52,0.74,0.6,37
A0303,32,F,Basketball,134,22,36.0,1.05,0.58,1.38,0.57,0.72,0.23,2280,S0303,Cardio,51,Medium,1,0.96,0.35,0.46,48
A0304,20,M,Basketball,179,19,36.5,0.81,0.78,0.86,0.51,0.51,0.62,4727,S0304,Endurance,22,High,0,0.56,0.52,0.22,65
A0305,25,F,Football,124,12,37.2,1.34,0.23,0.85,0.09,0.6,0.04,1258,S0305,Cardio,58,Medium,1,0.82,0.78,0.41,51
A0306,33,M,Cycling,87,15,36.5,0.48,0.59,0.27,0.55,0.46,0.33,1947,S0306,Drills,56,Low,0,0.63,0.72,0.4,36
A0307,30,F,Swimming,172,15,36.7,1.08,0.85,0.25,0.38,0.83,0.47,5958,S0307,Running,41,Medium,0,0.92,0.54,0.26,73
A0308,27,F,Swimming,132,11,36.0,0.99,0.27,0.92,0.61,0.83,0.15,1524,S0308,Drills,27,Medium,2,0.76,0.68,0.57,44
A0309,34,M,Basketball,134,16,36.7,0.58,0.84,0.77,0.39,0.71,0.98,1887,S0309,Running,36,Low,0,0.57,0.72,0.38,53
A0310,22,F,Football,111,21,36.4,0.38,1.41,1.29,0.24,0.11,0.21,1207,S0310,Drills,46,Medium,1,0.79,0.47,0.6,47
A0311,26,F,Swimming,130,11,37.0,1.05,0.34,0.41,0.09,0.84,0.13,4382,S0311,Running,52,Medium,0,0.7,0.75,0.37,51
A0312,29,M,Basketball,123,15,37.1,1.16,1.19,0.23,0.31,0.67,0.2,3794,S0312,Running,36,High,1,0.83,0.54,0.44,58
A0313,18,F,Cycling,161,10,37.8,0.61,0.73,0.78,0.1,0.7,0.77,1148,S0313,Lifting,31,Medium,1,0.94,0.56,0.24,58
A0314,18,M,Swimming,149,12,36.8,1.04,1.05,0.51,0.18,0.36,0.43,1437,S0314,Running,46,Low,0,0.7,0.8,0.38,56
A0315,32,F,Basketball,97,11,36.7,0.71,0.54,0.26,0.99,0.88,0.57,3202,S0315,Running,27,Low,0,0.64,0.72,0.3,44
A0316,19,M,Basketball,162,16,36.6,1.13,0.41,1.14,0.44,0.73,0.02,4749,S0316,Lifting,42,High,1,0.51,0.48,0.53,52
A0317,33,M,Sprint,101,23,36.3,0.46,0.41,0.35,0.53,0.11,0.03,4161,S0317,Endurance,48,High,0,0.79,0.31,0.51,44
A0318,25,F,Cycling,116,13,36.7,1.36,0.29,0.99,0.87,0.41,0.45,4901,S0318,Endurance,39,Low,0,0.7,0.61,0.53,52
A0319,30,F,Sprint,175,17,36.4,0.57,0.44,0.57,1.0,0.89,0.82,5453,S0319,Lifting,35,Low,1,0.69,0.65,0.49,69
A0320,18,F,Football,135,15,36.6,0.68,1.06,0.43,0.58,0.05,0.89,4245,S0320,Cardio,36,Medium,0,0.59,0.63,0.53,65
A0321,33,F,Sprint,138,21,37.2,0.28,1.35,0.69,0.81,0.96,0.09,5551,S0321,Running,35,Low,1,0.72,0.78,0.28,67
A0322,24,F,Sprint,82,19,36.0,0.34,1.26,1.24,0.33,0.68,0.54,3823,S0322,Running,38,Low,0,0.99,0.73,0.38,43
A0323,22,M,Swimming,107,13,37.1,0.87,1.09,0.71,0.31,0.63,0.91,5724,S0323,Lifting,27,Low,0,0.65,0.52,0.48,54
A0324,20,F,Basketball,153,14,37.2,0.55,0.34,1.18,0.4,0.27,0.39,4270,S0324,Lifting,57,Low,1,0.8,0.33,0.45,56
A0325,29,M,Cycling,114,22,36.4,1.29,0.58,0.36,0.67,0.25,0.83,1485,S0325,Cardio,57,Medium,0,0.89,0.54,0.49,38
A0326,33,M,Sprint,140,22,35.4,0.22,0.6,1.2,0.68,0.94,0.13,1199,S0326,Endurance,48,Medium,0,0.87,0.64,0.29,51
A0327,22,F,Cycling,172,24,36.2,0.69,0.52,0.51,0.32,0.3,0.94,5466,S0327,Drills,55,Low,0,0.66,0.6,0.24,71
A0328,31,M,Sprint,133,24,37.1,0.64,0.87,1.08,0.13,0.78,0.75,2982,S0328,Endurance,45,Low,0,0.81,0.57,0.57,60
A0329,22,M,Football,142,18,36.5,0.23,0.9,0.94,0.63,0.39,0.94,2471,S0329,Running,50,Low,0,0.94,0.53,0.42,60
A0330,32,M,Sprint,158,16,36.0,0.36,0.66,1.41,0.13,0.14,0.68,5343,S0330,Lifting,31,Medium,0,0.51,0.45,0.26,69
A0331,34,M,Swimming,176,19,36.2,0.74,0.66,0.7,0.58,0.01,0.36,5883,S0331,Cardio,36,Low,0,0.72,0.44,0.52,71
A0332,31,F,Basketball,86,23,36.9,0.84,1.28,0.29,0.69,0.54,0.94,3311,S0332,Endurance,34,Medium,0,0.61,0.55,0.57,32
A0333,22,M,Football,155,23,36.8,0.73,1.23,0.22,0.7,0.98,0.28,4373,S0333,Cardio,28,Medium,1,0.69,0.38,0.27,50
A0334,29,F,Sprint,128,18,36.4,0.89,0.6,1.27,0.75,0.37,0.33,3078,S0334,Endurance,58,Low,1,0.71,0.47,0.53,41
A0335,33,F,Cycling,173,16,36.3,0.97,1.39,0.88,0.87,0.36,0.7,2521,S0335,Running,31,Low,0,0.87,0.46,0.57,65
A0336,33,M,Football,164,21,36.3,0.21,1.44,1.21,0.5,0.34,0.77,1604,S0336,Drills,51,Low,1,0.55,0.59,0.58,62
A0337,24,F,Football,110,10,36.0,0.8,0.62,0.5,0.73,0.52,0.93,4848,S0337,Cardio,44,Medium,1,0.76,0.33,0.57,52
A0338,21,F,Sprint,137,21,37.3,1.45,0.66,0.65,0.62,0.44,0.2,4342,S0338,Cardio,58,High,0,0.78,0.71,0.42,63
A0339,18,F,Football,140,17,36.3,0.87,0.86,0.24,0.19,0.88,0.8,2417,S0339,Drills,37,Low,1,0.75,0.58,0.34,49
A0340,22,M,Cycling,103,13,37.1,1.08,1.42,1.45,0.03,0.51,0.74,5597,S0340,Cardio,34,High,0,0.87,0.64,0.2,57
A0341,27,F,Football,99,12,37.3,0.61,1.34,1.07,0.28,0.51,0.06,4875,S0341,Cardio,51,Low,1,0.69,0.65,0.22,39
A0342,22,F,Cycling,116,23,37.0,1.21,0.33,1.41,0.44,0.14,0.39,3933,S0342,Endurance,25,High,0,0.97,0.45,0.37,56
A0343,21,F,Sprint,83,22,36.3,1.2,0.71,0.55,0.62,0.98,0.28,1548,S0343,Endurance,54,Medium,0,0.74,0.54,0.36,29
A0344,19,M,Basketball,171,16,36.7,0.88,0.92,0.99,0.85,0.25,0.3,1838,S0344,Drills,53,Medium,1,0.79,0.78,0.27,54
A0345,27,F,Football,99,21,36.5,1.47,0.85,1.08,0.2,0.07,0.98,4815,S0345,Running,57,Medium,0,0.91,0.68,0.36,57
A0346,18,M,Basketball,139,12,36.0,0.36,0.45,0.61,0.13,0.66,0.64,1847,S0346,Cardio,24,Medium,0,0.64,0.78,0.27,54
A0347,22,M,Cycling,103,17,36.7,0.22,1.32,1.3,0.96,0.6,0.72,5709,S0347,Running,37,High,0,0.54,0.67,0.54,48
A0348,30,M,Football,129,15,35.9,1.2,1.08,1.43,0.11,0.42,0.98,5507,S0348,Drills,35,Medium,0,0.85,0.39,0.32,65
A0349,21,M,Swimming,128,14,37.1,1.25,1.29,1.35,0.48,0.42,0.38,5773,S0349,Drills,27,Medium,1,0.74,0.33,0.44,61
A0350,33,M,Basketball,130,13,36.3,0.36,1.32,1.16,0.59,0.79,0.8,5254,S0350,Endurance,44,Low,1,0.95,0.59,0.4,52
A0351,33,M,Football,175,17,36.6,0.55,1.17,0.56,0.54,0.2,0.43,5468,S0351,Cardio,51,Low,0,0.99,0.48,0.22,74
A0352,19,F,Basketball,115,17,36.6,0.22,0.77,0.57,0.09,0.82,0.87,3272,S0352,Lifting,45,High,0,0.7,0.44,0.58,51
A0353,34,M,Football,177,21,36.4,0.58,0.99,1.45,0.06,0.65,0.18,4320,S0353,Drills,41,Medium,1,0.71,0.7,0.41,52
A0354,29,F,Sprint,179,10,36.8,1.21,0.41,0.21,0.11,0.42,0.95,3558,S0354,Cardio,50,Medium,0,0.7,0.48,0.33,63
A0355,20,F,Basketball,145,18,36.3,0.87,1.08,1.13,0.59,0.46,0.22,5698,S0355,Running,29,Medium,1,0.66,0.46,0.26,64
A0356,18,M,Swimming,158,23,36.9,0.65,0.43,1.12,0.54,0.26,0.33,5311,S0356,Endurance,31,High,0,0.89,0.72,0.34,63
A0357,18,F,Swimming,113,14,35.8,0.68,1.1,1.01,0.23,0.75,0.76,2996,S0357,Running,47,Medium,0,0.88,0.72,0.21,52
A0358,28,F,Cycling,115,13,36.6,0.2,0.5,1.49,0.64,0.51,0.39,4673,S0358,Drills,25,Medium,0,0.74,0.48,0.35,55
A0359,22,F,Football,85,15,37.5,0.59,0.35,0.61,0.82,0.32,0.61,2564,S0359,Drills,39,Medium,0,0.52,0.72,0.41,46
A0360,29,F,Basketball,118,15,36.0,1.04,0.41,0.64,0.04,0.6,0.44,5018,S0360,Running,24,Low,0,0.65,0.73,0.55,48
A0361,20,M,Cycling,121,11,36.2,1.47,0.2,0.3,0.5,1.0,0.74,2840,S0361,Drills,42,Low,0,0.65,0.51,0.47,53
A0362,18,F,Basketball,137,17,36.8,1.3,1.13,0.78,0.69,0.44,0.23,4291,S0362,Cardio,28,High,0,0.91,0.33,0.24,59
A0363,18,M,Football,91,16,36.6,0.23,1.15,0.54,0.25,0.92,0.06,3887,S0363,Drills,48,Low,0,0.54,0.3,0.26,41
A0364,25,F,Swimming,82,10,36.7,1.37,0.87,0.65,0.31,0.35,0.3,1726,S0364,Endurance,35,High,0,0.9,0.56,0.37,34
A0365,27,F,Sprint,97,14,36.7,1.22,0.41,1.28,0.61,0.05,0.47,2244,S0365,Cardio,41,Low,0,0.83,0.47,0.28,44
A0366,28,M,Swimming,119,21,36.8,1.21,0.31,1.42,0.9,0.2,0.17,4460,S0366,Lifting,27,Low,0,0.87,0.8,0.21,57
A0367,29,F,Cycling,100,15,37.1,0.8,0.22,0.44,0.81,0.42,0.35,4718,S0367,Drills,39,High,0,0.72,0.69,0.52,49
A0368,30,F,Sprint,94,13,36.7,0.72,0.42,0.68,0.58,0.22,0.4,2065,S0368,Drills,33,Medium,0,0.84,0.68,0.21,42
A0369,29,F,Cycling,176,11,36.4,0.59,1.36,1.41,0.73,0.0,0.06,5771,S0369,Endurance,58,Low,1,0.8,0.78,0.53,66
A0370,31,M,Football,178,22,36.8,0.29,0.51,0.28,0.36,0.92,0.58,1282,S0370,Endurance,56,Medium,1,0.88,0.74,0.26,58
A0371,19,F,Sprint,105,23,37.4,0.5,0.66,0.32,0.64,0.84,0.88,2081,S0371,Running,53,Medium,0,0.72,0.46,0.59,41
A0372,20,M,Cycling,87,13,36.4,0.52,0.34,0.41,0.47,0.74,0.15,4885,S0372,Running,30,Medium,0,0.74,0.38,0.44,43
A0373,34,F,Football,179,10,36.0,0.83,0.49,0.97,0.19,0.17,0.6,3881,S0373,Running,59,Low,0,0.82,0.67,0.49,74
A0374,25,M,Swimming,173,16,37.1,1.17,0.87,0.4,0.7,0.12,0.66,3584,S0374,Endurance,52,High,1,0.55,0.49,0.24,67
A0375,27,M,Football,166,11,36.4,0.82,0.99,1.46,0.56,0.07,0.42,3970,S0375,Running,50,High,0,0.72,0.54,0.54,61
A0376,19,F,Basketball,121,22,35.4,0.28,0.52,0.78,0.36,0.72,0.7,2152,S0376,Running,53,Low,0,0.99,0.62,0.54,46
A0377,26,F,Football,123,11,36.9,1.45,0.28,0.85,0.91,0.93,0.41,4497,S0377,Lifting,26,High,1,0.52,0.75,0.46,47
A0378,24,M,Football,93,18,36.2,1.43,0.71,0.52,0.02,0.43,0.5,1947,S0378,Running,42,High,0,0.66,0.51,0.4,41
A0379,21,M,Basketball,157,14,36.5,1.22,0.5,0.81,0.32,0.12,0.01,5760,S0379,Drills,26,Medium,0,0.66,0.69,0.49,60
A0380,30,F,Cycling,81,11,36.7,1.49,0.49,1.06,0.06,0.51,0.69,2717,S0380,Endurance,44,Medium,0,0.82,0.43,0.2,35
A0381,28,M,Cycling,116,20,36.6,0.91,1.45,1.18,0.77,0.35,0.66,1066,S0381,Cardio,22,Low,1,0.55,0.65,0.44,35
A0382,21,F,Football,148,18,36.9,1.45,1.0,1.18,0.7,0.37,0.04,1636,S0382,Lifting,57,Low,0,0.81,0.3,0.54,59
A0383,21,F,Basketball,117,18,36.3,0.3,0.92,0.95,0.33,0.62,0.37,1313,S0383,Endurance,39,Medium,1,0.55,0.74,0.34,42
A0384,27,F,Basketball,120,10,36.8,0.68,0.74,1.38,0.68,0.72,0.98,4397,S0384,Endurance,53,High,1,0.55,0.32,0.24,47
A0385,22,F,Swimming,141,20,36.4,0.49,0.76,1.26,0.4,0.11,0.42,1564,S0385,Drills,49,Medium,0,0.86,0.66,0.37,50
A0386,26,M,Cycling,139,12,36.9,0.45,0.9,1.18,0.76,0.04,0.5,2601,S0386,Running,36,Medium,0,0.66,0.32,0.49,54
A0387,20,F,Sprint,93,13,36.8,0.38,1.11,0.27,0.45,0.99,0.91,1825,S0387,Drills,29,Low,0,0.99,0.43,0.24,38
A0388,34,M,Cycling,168,23,36.0,1.01,1.11,0.21,0.41,0.23,0.72,4670,S0388,Running,54,Low,1,0.52,0.55,0.28,72
A0389,20,F,Cycling,163,16,37.0,1.22,0.42,0.48,0.93,0.05,0.58,2025,S0389,Running,39,Medium,1,0.72,0.51,0.26,62
A0390,33,M,Swimming,81,19,36.2,0.95,0.85,1.06,0.25,0.19,0.8,3251,S0390,Endurance,37,Low,0,0.56,0.4,0.52,37
A0391,21,F,Sprint,149,13,36.9,0.39,0.74,0.73,0.12,0.04,0.86,5757,S0391,Running,46,Medium,1,0.68,0.47,0.23,62
A0392,34,M,Swimming,96,11,36.7,1.25,1.33,0.72,0.58,0.39,0.46,1804,S0392,Lifting,55,Low,0,1.0,0.66,0.47,47
A0393,24,M,Sprint,168,16,37.4,1.03,1.02,1.35,0.97,0.8,0.48,3451,S0393,Lifting,42,Medium,0,0.94,0.63,0.35,63
A0394,22,F,Football,107,15,36.4,0.7,0.89,1.36,0.38,0.34,0.39,5631,S0394,Lifting,51,Low,2,0.52,0.34,0.5,36
A0395,29,F,Sprint,145,12,36.3,1.08,0.35,1.38,0.06,0.44,0.97,2391,S0395,Endurance,29,Medium,1,0.78,0.67,0.59,44
A0396,34,F,Swimming,114,15,36.5,0.54,0.99,0.61,0.34,0.68,0.7,2235,S0396,Drills,30,Medium,0,0.82,0.33,0.25,55
A0397,30,F,Cycling,84,20,36.3,0.65,0.35,1.1,0.51,0.51,0.08,5032,S0397,Cardio,57,Low,1,0.6,0.57,0.33,39
A0398,20,M,Sprint,144,24,36.9,1.39,0.64,0.55,0.16,0.86,0.86,4280,S0398,Running,25,Low,2,0.57,0.43,0.52,53
A0399,26,F,Sprint,119,15,35.7,0.58,0.39,0.45,0.66,0.87,0.48,5723,S0399,Cardio,53,Low,1,0.95,0.59,0.31,49
A0400,34,M,Basketball,155,21,36.0,0.81,1.1,0.44,1.0,0.01,0.07,5844,S0400,Drills,55,High,1,0.98,0.43,0.29,56
A0401,34,M,Cycling,135,14,36.0,1.36,0.47,0.64,0.45,0.78,0.55,4549,S0401,Drills,56,Low,1,1.0,0.79,0.53,49
A0402,33,F,Football,115,13,37.0,1.12,0.71,0.76,0.35,0.46,0.42,5200,S0402,Endurance,36,Medium,0,0.89,0.45,0.59,48
A0403,30,M,Swimming,124,19,37.4,0.28,1.36,1.28,0.4,0.99,0.88,5141,S0403,Lifting,59,High,1,0.83,0.42,0.42,56
A0404,34,M,Football,102,21,36.4,0.39,0.47,0.36,0.12,0.48,0.2,2354,S0404,Lifting,59,Medium,0,0.67,0.44,0.31,52
A0405,21,M,Cycling,126,24,36.4,0.21,0.86,1.16,0.88,0.99,0.83,2836,S0405,Drills,31,Low,1,0.59,0.75,0.36,48
A0406,29,M,Sprint,110,10,36.5,1.02,0.75,0.89,0.41,0.75,0.56,3892,S0406,Endurance,40,High,0,0.54,0.62,0.27,43
A0407,26,F,Sprint,90,19,37.1,0.78,0.22,0.57,0.39,0.25,0.05,3496,S0407,Endurance,59,Low,1,0.85,0.67,0.5,41
A0408,29,F,Cycling,89,15,36.0,0.37,1.23,0.84,0.66,0.54,0.97,3583,S0408,Running,38,Medium,0,0.89,0.76,0.51,50
A0409,26,F,Sprint,146,11,36.6,1.45,0.29,0.59,0.44,0.99,0.51,3558,S0409,Lifting,22,High,0,0.91,0.76,0.55,65
A0410,24,F,Sprint,93,22,37.0,0.89,0.82,0.97,0.65,0.86,0.29,4618,S0410,Drills,37,Medium,0,0.96,0.67,0.21,46
A0411,31,M,Sprint,159,12,36.8,0.51,0.93,0.76,0.06,0.1,0.47,2559,S0411,Cardio,38,Medium,2,0.94,0.4,0.42,51
A0412,32,M,Swimming,153,23,36.6,0.85,1.02,0.41,0.81,0.71,0.86,2507,S0412,Lifting,25,Low,2,1.0,0.72,0.29,50
A0413,33,F,Swimming,172,17,37.0,1.08,1.1,0.35,0.94,0.35,0.3,5071,S0413,Running,35,Low,0,0.62,0.4,0.34,77
A0414,22,F,Basketball,89,19,35.1,0.3,0.53,0.91,0.65,0.01,0.19,3063,S0414,Endurance,27,Medium,2,0.88,0.67,0.51,36
A0415,20,F,Football,155,23,36.8,0.56,0.21,1.37,0.95,0.4,0.13,4642,S0415,Drills,37,Low,1,0.79,0.64,0.28,58
A0416,29,M,Cycling,173,23,36.2,1.25,1.14,0.65,0.15,0.23,0.3,3000,S0416,Lifting,58,High,1,0.63,0.68,0.46,60
A0417,21,F,Cycling,80,15,35.6,0.8,0.9,1.15,0.48,0.82,0.78,2294,S0417,Cardio,31,High,0,0.99,0.57,0.46,36
A0418,33,F,Cycling,84,12,36.8,0.91,1.29,1.06,0.6,0.34,0.47,5065,S0418,Running,29,High,2,0.95,0.62,0.58,30
A0419,24,F,Basketball,99,16,37.2,0.76,1.27,1.41,0.58,0.83,0.23,3752,S0419,Running,26,Medium,0,0.56,0.78,0.51,53
A0420,30,M,Swimming,87,13,36.4,0.26,1.3,1.27,0.4,0.0,0.17,2753,S0420,Lifting,20,Medium,1,0.51,0.35,0.52,32
A0421,27,M,Basketball,122,23,37.0,0.42,0.83,0.94,0.34,0.31,0.33,5210,S0421,Cardio,55,High,1,0.84,0.45,0.41,54
A0422,24,M,Cycling,155,18,37.3,0.78,0.63,1.05,0.13,0.24,0.94,2603,S0422,Running,40,High,1,0.8,0.61,0.27,53
A0423,31,M,Football,80,24,37.2,0.47,1.23,1.37,0.39,0.23,0.34,2322,S0423,Drills,56,Medium,1,0.97,0.78,0.37,31
A0424,22,M,Sprint,136,14,37.3,0.26,0.79,0.72,0.16,0.07,0.99,3441,S0424,Running,43,Low,0,0.62,0.35,0.42,57
A0425,20,M,Swimming,143,12,36.9,1.3,0.44,0.62,0.73,0.19,0.49,2098,S0425,Cardio,44,Low,0,0.54,0.31,0.47,59
A0426,28,M,Swimming,163,11,36.5,1.48,1.31,0.21,0.21,0.56,0.18,2505,S0426,Endurance,26,Medium,0,0.63,0.33,0.44,62
A0427,28,M,Basketball,107,20,35.7,1.23,1.35,1.27,0.06,0.29,0.89,2126,S0427,Endurance,36,Medium,0,0.51,0.33,0.36,40
A0428,32,F,Swimming,116,11,36.4,1.31,0.81,1.24,0.55,0.42,0.46,1296,S0428,Lifting,48,High,0,0.52,0.75,0.31,47
A0429,29,F,Cycling,126,12,36.1,0.51,0.3,0.34,0.6,0.38,0.71,4049,S0429,Cardio,49,Low,1,0.96,0.66,0.27,47
A0430,26,M,Cycling,155,11,37.6,1.45,0.7,0.95,0.87,0.88,0.98,3225,S0430,Running,26,Low,1,0.68,0.64,0.48,65
A0431,27,M,Basketball,116,23,36.4,0.46,1.24,0.8,0.58,0.91,0.05,5354,S0431,Running,52,Low,0,0.71,0.56,0.46,54
A0432,29,F,Cycling,128,13,36.6,1.44,1.37,0.35,0.35,0.49,0.1,4787,S0432,Endurance,26,Low,0,0.51,0.69,0.47,54
A0433,34,M,Football,123,11,36.8,1.49,0.46,1.47,0.8,0.33,0.72,3096,S0433,Endurance,43,Low,0,0.64,0.38,0.35,62
A0434,23,M,Basketball,135,19,36.5,1.13,0.29,0.48,0.54,0.11,0.28,4609,S0434,Drills,30,Medium,0,0.9,0.5,0.3,63
A0435,24,M,Football,107,18,37.3,1.48,1.34,0.29,0.08,0.95,0.18,3208,S0435,Endurance,28,Medium,0,0.81,0.55,0.5,44
A0436,31,F,Sprint,158,11,36.2,0.94,0.71,0.97,0.57,0.06,0.04,1175,S0436,Drills,31,Medium,1,0.88,0.36,0.51,50
A0437,30,F,Football,85,18,36.6,0.54,0.9,1.16,0.91,0.3,0.02,3502,S0437,Running,54,Low,0,0.72,0.51,0.38,44
A0438,25,F,Sprint,140,22,36.1,0.77,1.46,0.24,0.4,0.3,0.77,4999,S0438,Drills,23,Low,1,0.65,0.46,0.44,57
A0439,27,F,Sprint,99,15,35.8,0.97,0.29,1.06,0.3,0.32,0.13,2667,S0439,Drills,55,Medium,0,0.74,0.32,0.35,49
A0440,26,F,Football,157,10,36.2,0.3,1.04,0.89,0.14,0.16,0.47,5371,S0440,Lifting,47,High,1,0.66,0.37,0.48,59
A0441,19,M,Basketball,81,13,36.5,1.01,0.3,0.33,0.15,0.78,0.61,3545,S0441,Endurance,32,Low,1,0.92,0.68,0.53,39
A0442,22,F,Cycling,152,24,36.3,1.48,0.69,0.42,0.43,0.12,0.43,1675,S0442,Drills,42,High,2,0.65,0.31,0.48,37
A0443,22,M,Cycling,116,23,36.2,0.45,1.24,0.94,0.6,0.63,0.03,2823,S0443,Running,38,Low,1,0.83,0.77,0.41,44
A0444,23,M,Sprint,99,10,35.8,1.23,0.76,0.59,0.08,0.12,0.78,2356,S0444,Cardio,56,High,2,0.57,0.34,0.38,31
A0445,25,F,Sprint,105,23,36.5,1.38,1.5,1.42,0.94,0.07,0.01,4072,S0445,Drills,58,High,1,0.84,0.7,0.46,42
A0446,33,F,Basketball,108,15,35.7,1.43,0.93,1.26,0.76,0.91,0.76,4259,S0446,Endurance,43,Low,1,0.96,0.75,0.47,45
A0447,30,M,Swimming,80,23,36.9,1.45,0.62,1.48,0.59,0.19,0.89,1546,S0447,Lifting,35,Medium,0,0.8,0.77,0.42,42
A0448,18,M,Football,114,22,36.5,0.88,0.49,0.54,0.83,0.82,0.43,3083,S0448,Running,52,Low,0,0.78,0.73,0.45,44
A0449,34,M,Sprint,149,13,35.8,1.47,0.66,1.46,0.08,0.54,0.54,3040,S0449,Lifting,31,High,0,0.98,0.44,0.24,49
A0450,24,F,Cycling,138,12,36.3,1.18,0.68,0.76,0.48,0.08,0.48,5534,S0450,Cardio,53,Medium,1,0.81,0.47,0.58,52
A0451,30,F,Basketball,148,12,36.1,0.41,0.29,0.65,0.63,0.96,0.39,2752,S0451,Drills,26,Medium,0,0.63,0.51,0.52,65
A0452,21,F,Football,112,18,36.7,0.82,0.68,0.27,0.83,0.25,0.89,2615,S0452,Drills,30,Medium,1,0.65,0.37,0.35,35
A0453,21,F,Basketball,130,15,37.2,1.13,0.8,0.27,0.78,0.86,0.89,2849,S0453,Endurance,50,High,2,0.85,0.31,0.43,41
A0454,23,F,Football,157,18,35.6,0.52,1.14,1.1,0.28,0.17,0.34,3642,S0454,Drills,48,Low,0,0.87,0.73,0.22,68
A0455,29,M,Football,91,22,36.6,1.03,1.05,0.8,0.94,0.85,0.62,2600,S0455,Running,32,Medium,0,0.65,0.58,0.22,42
A0456,24,F,Sprint,99,14,36.4,1.07,1.12,0.49,0.12,0.01,0.93,4396,S0456,Cardio,50,Low,2,0.67,0.6,0.3,44
A0457,27,M,Basketball,132,11,36.8,0.41,0.21,1.0,0.88,0.51,0.96,5402,S0457,Lifting,21,Low,0,1.0,0.76,0.48,50
A0458,24,M,Basketball,167,17,36.6,0.93,0.48,0.53,0.97,0.77,0.51,4605,S0458,Cardio,58,Medium,1,0.55,0.63,0.54,62
A0459,20,M,Cycling,122,14,36.1,1.2,1.06,0.95,0.18,0.93,0.45,4799,S0459,Drills,34,Low,0,0.7,0.65,0.42,62
A0460,30,F,Cycling,177,11,36.3,0.85,0.83,0.67,0.72,0.91,0.28,1618,S0460,Lifting,30,Low,1,0.53,0.69,0.41,55
A0461,30,F,Sprint,168,13,36.1,0.22,0.21,1.27,0.04,0.82,0.96,2132,S0461,Endurance,53,High,0,0.91,0.36,0.36,69
A0462,25,F,Sprint,129,18,37.0,0.21,1.25,1.27,0.41,0.89,0.14,3115,S0462,Cardio,58,Low,1,0.55,0.48,0.26,48
A0463,26,M,Swimming,108,24,36.5,0.66,1.2,0.82,0.52,0.2,0.58,3339,S0463,Lifting,23,Medium,0,0.84,0.78,0.25,51
A0464,24,M,Cycling,136,13,37.5,1.4,0.91,0.66,0.58,0.28,0.28,3739,S0464,Lifting,30,Low,0,0.53,0.76,0.5,64
A0465,18,M,Football,118,22,36.5,0.5,0.29,0.67,0.94,0.29,0.28,5276,S0465,Lifting,48,Low,0,0.84,0.74,0.57,58
A0466,20,M,Basketball,174,21,36.1,1.02,1.2,1.25,0.67,0.38,0.4,2487,S0466,Running,21,Low,0,0.92,0.53,0.38,64
A0467,30,M,Sprint,135,21,35.7,0.49,0.96,0.63,0.48,0.39,1.0,2557,S0467,Cardio,35,Medium,2,0.7,0.73,0.46,48
A0468,34,M,Basketball,122,21,35.6,0.62,1.22,0.47,0.81,0.54,0.05,3113,S0468,Lifting,58,Medium,1,0.76,0.32,0.57,44
A0469,18,F,Basketball,129,22,35.7,1.3,1.18,0.31,0.95,0.16,0.58,2044,S0469,Cardio,32,Low,0,0.7,0.37,0.24,54
A0470,23,F,Swimming,102,24,36.6,1.15,1.24,0.81,0.02,0.69,0.08,3431,S0470,Lifting,56,Low,0,0.65,0.51,0.51,41
A0471,23,F,Cycling,123,23,36.8,0.32,0.87,0.83,0.98,0.17,0.15,2582,S0471,Endurance,36,High,0,0.9,0.54,0.45,52
A0472,29,F,Sprint,117,13,35.7,0.76,0.38,1.29,0.09,0.31,0.44,2308,S0472,Endurance,40,Low,1,0.64,0.43,0.44,50
A0473,30,M,Basketball,163,11,36.9,0.24,1.07,0.49,0.81,0.5,0.51,5917,S0473,Endurance,38,High,1,0.86,0.48,0.32,64
A0474,30,M,Sprint,102,22,36.3,0.83,1.01,0.7,0.28,0.8,0.26,1601,S0474,Drills,26,Low,0,0.6,0.38,0.47,49
A0475,32,F,Football,124,21,36.6,1.06,1.16,1.25,0.13,0.74,0.32,2620,S0475,Lifting,57,Medium,1,0.62,0.54,0.52,62
A0476,33,M,Swimming,131,24,37.3,0.35,0.42,1.27,0.44,0.65,0.09,5880,S0476,Drills,27,Low,1,0.67,0.7,0.25,55
A0477,28,F,Football,159,15,36.9,0.58,0.45,0.7,0.64,0.16,0.3,5766,S0477,Cardio,32,High,2,0.79,0.63,0.41,62
A0478,22,F,Sprint,129,22,36.4,0.72,1.36,0.8,0.38,0.55,0.97,1100,S0478,Drills,56,Medium,2,0.73,0.35,0.24,43
A0479,21,F,Sprint,87,20,36.1,1.4,1.17,0.59,0.05,0.09,0.94,5271,S0479,Cardio,21,Medium,1,0.87,0.54,0.55,42
A0480,20,M,Cycling,164,23,35.4,1.49,1.38,1.41,0.6,0.38,0.33,1237,S0480,Cardio,30,Low,1,0.61,0.65,0.4,60
A0481,32,F,Basketball,80,11,36.1,0.26,1.19,0.35,0.9,0.41,0.57,5025,S0481,Cardio,43,Medium,0,0.51,0.56,0.52,42
A0482,26,F,Basketball,87,21,36.4,1.19,0.98,1.41,0.38,0.04,0.91,3918,S0482,Drills,25,Medium,1,0.89,0.5,0.35,35
A0483,34,F,Football,108,16,36.0,0.68,1.05,1.09,0.22,0.27,0.01,3542,S0483,Lifting,45,Low,0,0.91,0.61,0.25,41
A0484,31,M,Swimming,175,12,36.4,0.71,1.36,0.89,0.44,0.96,0.81,3003,S0484,Drills,26,Low,0,0.53,0.78,0.22,66
A0485,32,M,Basketball,84,24,36.5,1.18,0.95,0.24,0.05,0.95,0.95,2537,S0485,Lifting,58,High,0,0.81,0.35,0.31,44
A0486,18,F,Cycling,165,12,36.4,1.39,1.02,0.82,0.82,0.35,0.09,1754,S0486,Lifting,38,Low,1,0.69,0.5,0.3,53
A0487,20,M,Football,126,14,36.2,1.44,0.4,0.73,0.83,0.04,0.16,4368,S0487,Cardio,25,Medium,0,0.9,0.5,0.42,57
A0488,33,M,Football,113,12,36.6,0.95,0.82,0.41,0.59,0.18,0.96,3258,S0488,Drills,48,Medium,0,0.94,0.59,0.21,49
A0489,28,M,Cycling,144,11,36.7,0.66,1.13,1.05,0.35,0.39,0.54,4665,S0489,Lifting,58,High,0,0.93,0.38,0.41,59
A0490,29,M,Swimming,134,19,36.0,1.22,0.55,1.46,0.8,0.95,0.01,5235,S0490,Endurance,21,High,0,0.89,0.39,0.36,51
A0491,27,M,Cycling,169,18,37.2,0.53,0.46,0.93,0.55,0.14,0.26,1540,S0491,Lifting,38,High,0,0.63,0.44,0.43,70
A0492,33,M,Swimming,122,11,36.5,0.93,0.61,1.13,0.83,0.76,0.45,1269,S0492,Endurance,23,Low,1,0.91,0.78,0.48,46
A0493,25,M,Cycling,153,23,36.5,0.67,0.51,0.29,0.63,0.11,0.69,4460,S0493,Drills,25,High,1,0.77,0.67,0.45,73
A0494,23,M,Cycling,109,20,36.9,1.05,0.48,0.74,0.78,0.98,0.73,4408,S0494,Drills,56,Low,0,0.53,0.63,0.59,56
A0495,29,M,Sprint,161,11,36.6,0.51,0.75,0.35,0.6,0.38,1.0,1505,S0495,Drills,47,Medium,1,0.73,0.71,0.26,63
A0496,25,M,Football,96,22,37.0,0.45,1.38,1.0,0.41,0.78,0.29,2129,S0496,Lifting,49,Medium,1,0.97,0.36,0.37,29
A0497,21,F,Cycling,105,24,36.6,1.39,0.86,1.42,0.96,0.34,0.54,3079,S0497,Running,26,Low,0,0.94,0.73,0.37,38
A0498,25,F,Cycling,87,17,36.2,0.33,0.44,1.06,0.54,0.63,0.53,4145,S0498,Lifting,28,High,1,0.55,0.6,0.37,39
A0499,22,M,Basketball,126,24,36.7,0.86,0.3,0.3,0.61,0.19,0.41,4242,S0499,Lifting,44,Low,2,0.87,0.47,0.47,40
